0.1,7.4911,69.4734
0.2,7.48233,69.4259
0.3,7.47717,69.3586
0.4,7.47033,69.2754
0.5,7.46131,69.1782
0.6,7.44896,69.0697
0.7,7.43296,68.9519
0.8,7.41376,68.827
0.9,7.39014,68.7
1,7.36354,68.5711
1.1,7.3351,68.4406
1.2,7.30575,68.3092
1.3,7.27625,68.1774
1.4,7.24713,68.0455
1.5,7.21874,67.9139
1.6,7.19131,67.7825
1.7,7.16468,67.6515
1.8,7.13891,67.5207
1.9,7.11303,67.3917
2,7.08719,67.2642
2.1,7.06152,67.1381
2.2,7.03608,67.0133
2.3,7.01096,66.8899
2.4,6.98616,66.7677
2.5,6.96159,66.6466
2.6,6.93718,66.5267
2.7,6.91302,66.4082
2.8,6.88893,66.2913
2.9,6.86446,66.1758
3,6.83934,66.0622
3.1,6.81341,65.9504
3.2,6.78658,65.8409
3.3,6.75897,65.7337
3.4,6.7307,65.6289
3.5,6.70188,65.5264
3.6,6.67282,65.4264
3.7,6.64377,65.3285
3.8,6.61527,65.2326
3.9,6.58777,65.1381
4,6.56171,65.0446
4.1,6.53715,64.9519
4.2,6.51398,64.8594
4.3,6.49228,64.7668
4.4,6.47219,64.6737
4.5,6.45397,64.5796
4.6,6.43777,64.4839
4.7,6.42171,64.3869
4.8,6.40632,64.2877
4.9,6.39009,64.1879
5,6.37366,64.0874
5.1,6.35668,63.987
5.2,6.33928,63.8864
5.3,6.32118,63.7859
5.4,6.30258,63.6853
5.5,6.28347,63.5847
5.6,6.26402,63.4841
5.7,6.24503,63.3839
5.8,6.22532,63.2861
5.9,6.20408,63.1884
6,6.18271,63.0915
6.1,6.16071,62.9937
6.2,6.13873,62.8955
6.3,6.11665,62.7964
6.4,6.09383,62.6966
6.5,6.07047,62.5962
6.6,6.04505,62.4965
6.7,6.01752,62.3966
6.8,5.98757,62.2966
6.9,5.9551,62.1963
7,5.92004,62.0955
7.1,5.8822,61.9941
7.2,5.84145,61.8919
7.3,5.79804,61.7884
7.4,5.75188,61.6832
7.5,5.70352,61.5759
7.6,5.65327,61.4663
7.7,5.60167,61.3554
7.8,5.54929,61.2431
7.9,5.49642,61.1293
8,5.44388,61.0138
8.1,5.39012,60.897
8.2,5.33491,60.7795
8.3,5.2781,60.6613
8.4,5.21966,60.5431
8.5,5.15969,60.4253
8.6,5.09844,60.3079
8.7,5.03583,60.1908
8.8,4.97203,60.0735
8.9,4.91066,59.9562
9,4.85067,59.838
9.1,4.79164,59.7187
9.2,4.73347,59.5983
9.3,4.67613,59.477
9.4,4.61965,59.3551
9.5,4.56404,59.2332
9.6,4.50923,59.112
9.7,4.45508,58.9917
9.8,4.40141,58.8724
9.9,4.34805,58.7543
10,4.29487,58.6371
10.1,4.24176,58.5209
10.2,4.18867,58.4052
10.3,4.13564,58.29
10.4,4.08276,58.1751
10.5,4.03023,58.0605
10.6,3.97833,57.9461
10.7,3.92737,57.8321
10.8,3.87762,57.7187
10.9,3.8293,57.6062
11,3.7824,57.4949
11.1,3.73684,57.3852
11.2,3.69264,57.2768
11.3,3.64968,57.1696
11.4,3.60781,57.0636
11.5,3.56693,56.9589
11.6,3.527,56.8556
11.7,3.48788,56.7535
11.8,3.44948,56.6526
11.9,3.41166,56.5529
12,3.37435,56.4542
12.1,3.33747,56.3566
12.2,3.30108,56.2599
12.3,3.26542,56.164
12.4,3.23096,56.0686
12.5,3.1987,55.9734
12.6,3.16908,55.8778
12.7,3.14236,55.7818
12.8,3.11853,55.6849
12.9,3.09692,55.5873
13,3.07717,55.4892
13.1,3.05906,55.3908
13.2,3.04273,55.2919
13.3,3.02797,55.1921
13.4,3.0145,55.0914
13.5,3.00202,54.9896
13.6,2.99007,54.8865
13.7,2.97689,54.7835
13.8,2.96269,54.6793
13.9,2.94668,54.5745
14,2.92874,54.4686
14.1,2.90856,54.3624
14.2,2.88637,54.2552
14.3,2.86358,54.148
14.4,2.84003,54.0403
14.5,2.81583,53.9325
14.6,2.7899,53.8307
14.7,2.76237,53.7311
14.8,2.7336,53.633
14.9,2.70494,53.5379
15,2.67433,53.4418
15.1,2.64297,53.3516
15.2,2.61819,53.2506
15.3,2.60643,53.1266
15.4,2.58931,53.0042
15.5,2.57339,52.8807
15.6,2.55802,52.7568
15.7,2.54636,52.6337
15.8,2.53472,52.5085
15.9,2.52663,52.383
16,2.51962,52.2565
16.1,2.51321,52.1281
16.2,2.50688,51.9979
16.3,2.50013,51.8656
16.4,2.48966,51.735
16.5,2.47687,51.6047
16.6,2.46265,51.4738
16.7,2.44749,51.342
16.8,2.43148,51.2093
16.9,2.41469,51.0757
17,2.39687,50.9414
17.1,2.37782,50.8065
17.2,2.35719,50.6714
17.3,2.33472,50.5359
17.4,2.31016,50.4002
17.5,2.28329,50.2645
17.6,2.25381,50.1289
17.7,2.22181,49.9931
17.8,2.18588,49.8604
17.9,2.14736,49.7288
18,2.10705,49.5983
18.1,2.06503,49.4683
18.2,2.02127,49.3391
18.3,1.97611,49.2103
18.4,1.92945,49.0825
18.5,1.88188,48.955
18.6,1.8333,48.829
18.7,1.78453,48.7038
18.8,1.73528,48.5807
18.9,1.68637,48.4591
19,1.63746,48.3395
19.1,1.58973,48.2211
19.2,1.54311,48.1046
19.3,1.49969,47.9886
19.4,1.45669,47.8728
19.5,1.42092,47.7627
19.6,1.381,47.6523
19.7,1.3546,47.544
19.8,1.31976,47.4323
19.9,1.29614,47.3243
20,1.26513,47.215
20.1,1.25861,47.1143
20.2,1.23529,46.9996
20.3,1.21896,46.8897
20.4,1.19977,46.7797
20.5,1.19329,46.6725
20.6,1.18001,46.563
20.7,1.17521,46.4387
20.8,1.16291,46.3235
20.9,1.16297,46.2026
21,1.15284,46.1041
21.1,1.16326,46.0042
21.2,1.16229,45.897
21.3,1.15412,45.7901
21.4,1.16789,45.7282
21.5,1.15166,45.664
21.6,1.13967,45.5921
21.7,1.12683,45.503
21.8,1.11043,45.4326
21.9,1.11397,45.3298
22,1.11574,45.2475
22.1,1.12215,45.1662
22.2,1.12812,45.0939
22.3,1.13144,45.0122
22.4,1.13191,44.9287
22.5,1.13134,44.8449
22.6,1.12987,44.7603
22.7,1.12796,44.6756
22.8,1.12596,44.5905
22.9,1.12415,44.5055
23,1.12241,44.4208
23.1,1.12106,44.337
23.2,1.11763,44.2589
23.3,1.11237,44.1815
23.4,1.1058,44.1044
23.5,1.09815,44.029
23.6,1.0893,43.954
23.7,1.07957,43.8797
23.8,1.07622,43.7961
23.9,1.07128,43.7174
24,1.06295,43.6413
24.1,1.0536,43.5684
24.2,1.04398,43.4971
24.3,1.034,43.4269
24.4,1.02441,43.3578
24.5,1.01443,43.29
24.6,1.00463,43.2233
24.7,0.9942,43.1572
24.8,0.982872,43.0948
24.9,0.970537,43.0314
25,0.956724,42.9688
25.1,0.943425,42.9023
25.2,0.928602,42.8391
25.3,0.911107,42.7673
25.4,0.892081,42.7031
25.5,0.8658,42.633
25.6,0.842436,42.5663
25.7,0.818015,42.4983
25.8,0.793169,42.4283
25.9,0.766186,42.3591
26,0.741027,42.2877
26.1,0.671504,42.2393
26.2,0.605338,42.1484
26.3,0.576515,42.0945
26.4,0.5431,42.0276
26.5,0.503911,41.9524
26.6,0.464983,41.8718
26.7,0.425634,41.7857
26.8,0.385689,41.6945
26.9,0.344418,41.6008
27,0.302065,41.5066
27.1,0.258765,41.4128
27.2,0.214498,41.3167
27.3,0.169598,41.2249
27.4,0.126091,41.1274
27.5,0.0805951,41.0295
27.6,0.0363226,40.9263
27.7,-0.00824722,40.8242
27.8,-0.0517948,40.7183
27.9,-0.094685,40.6132
28,-0.135937,40.5052
28.1,-0.176159,40.3993
28.2,-0.215484,40.2742
28.3,-0.250835,40.1916
28.4,-0.299572,40.0609
28.5,-0.355328,39.9693
28.6,-0.410134,39.8278
28.7,-0.466309,39.7248
28.8,-0.517822,39.624
28.9,-0.566439,39.5209
29,-0.616433,39.4233
29.1,-0.665649,39.3208
29.2,-0.713946,39.2181
29.3,-0.761985,39.1137
29.4,-0.808868,39.0071
29.5,-0.85512,38.9012
29.6,-0.901419,38.7955
29.7,-0.947593,38.69
29.8,-0.993556,38.5854
29.9,-1.03877,38.4803
30,-1.08207,38.3744
30.1,-1.12422,38.268
30.2,-1.16433,38.1603
30.3,-1.20273,38.053
30.4,-1.23842,37.945
30.5,-1.27202,37.8378
30.6,-1.302,37.7326
30.7,-1.32943,37.6275
30.8,-1.35317,37.5225
30.9,-1.37501,37.4163
31,-1.3926,37.3094
31.1,-1.41018,37.2002
31.2,-1.4208,37.0899
31.3,-1.43591,36.976
31.4,-1.43505,36.8545
31.5,-1.44554,36.7351
31.6,-1.45579,36.6144
31.7,-1.46587,36.493
31.8,-1.47247,36.3692
31.9,-1.48477,36.2493
32,-1.49994,36.1139
32.1,-1.50505,36.0045
32.2,-1.51121,35.8764
32.3,-1.51978,35.7563
32.4,-1.52829,35.6314
32.5,-1.5379,35.5107
32.6,-1.54784,35.3879
32.7,-1.55932,35.2673
32.8,-1.57128,35.1465
32.9,-1.58448,35.0274
33,-1.59837,34.9109
33.1,-1.60958,34.7883
33.2,-1.6256,34.6774
33.3,-1.63633,34.5625
33.4,-1.63897,34.4384
33.5,-1.63493,34.3105
33.6,-1.63991,34.1982
33.7,-1.64462,34.0883
33.8,-1.65118,33.9821
33.9,-1.65768,33.8773
34,-1.66522,33.7742
34.1,-1.67277,33.6712
34.2,-1.68125,33.5685
34.3,-1.68991,33.4648
34.4,-1.70001,33.3606
34.5,-1.71119,33.2543
34.6,-1.72404,33.1469
34.7,-1.73842,33.0377
34.8,-1.75412,32.9275
34.9,-1.77289,32.8204
35,-1.79187,32.7131
35.1,-1.8106,32.6063
35.2,-1.82851,32.4993
35.3,-1.84547,32.3915
35.4,-1.8619,32.2836
35.5,-1.87761,32.1754
35.6,-1.89444,32.0683
35.7,-1.911,31.9623
35.8,-1.92754,31.8566
35.9,-1.94357,31.7515
36,-1.95922,31.6466
36.1,-1.97461,31.5423
36.2,-1.99007,31.4379
36.3,-2.0057,31.3345
36.4,-2.02214,31.2305
36.5,-2.03886,31.1272
36.6,-2.05531,31.0233
36.7,-2.07162,30.9193
36.8,-2.08752,30.8147
36.9,-2.10264,30.7123
37,-2.11709,30.6098
37.1,-2.13072,30.5079
37.2,-2.14391,30.4054
37.3,-2.15869,30.3035
37.4,-2.17397,30.2002
37.5,-2.19,30.0969
37.6,-2.20694,29.992
37.7,-2.22489,29.8868
37.8,-2.24655,29.7841
37.9,-2.27008,29.6809
38,-2.29417,29.5773
38.1,-2.31704,29.4737
38.2,-2.33844,29.3694
38.3,-2.35902,29.2652
38.4,-2.38008,29.1617
38.5,-2.4003,29.0582
38.6,-2.42018,28.954
38.7,-2.43938,28.8491
38.8,-2.45824,28.7433
38.9,-2.47683,28.6371
39,-2.49492,28.5302
39.1,-2.51258,28.4224
39.2,-2.52944,28.3144
39.3,-2.54576,28.2058
39.4,-2.56071,28.0969
39.5,-2.57585,27.9863
39.6,-2.59078,27.8754
39.7,-2.60598,27.7633
39.8,-2.62126,27.6501
39.9,-2.63718,27.5358
40,-2.6539,27.4203
40.1,-2.67169,27.3045
40.2,-2.68834,27.1897
40.3,-2.70493,27.074
40.4,-2.72444,26.9635
40.5,-2.74532,26.8526
40.6,-2.7671,26.742
40.7,-2.78925,26.6318
40.8,-2.81171,26.5212
40.9,-2.83448,26.41
41,-2.85822,26.2984
41.1,-2.88269,26.1859
41.2,-2.90826,26.0744
41.3,-2.93423,25.9633
41.4,-2.9599,25.8534
41.5,-2.98568,25.7446
41.6,-3.01139,25.6362
41.7,-3.03667,25.529
41.8,-3.06169,25.4217
41.9,-3.0863,25.3171
42,-3.11034,25.2107
42.1,-3.13448,25.1062
42.2,-3.15847,25.0022
42.3,-3.18266,24.8986
42.4,-3.2069,24.7927
42.5,-3.23259,24.6892
42.6,-3.25792,24.5826
42.7,-3.28567,24.4822
42.8,-3.31277,24.3751
42.9,-3.34053,24.2762
43,-3.36936,24.176
43.1,-3.39771,24.0776
43.2,-3.42535,23.9785
43.3,-3.45272,23.8797
43.4,-3.47976,23.781
43.5,-3.50608,23.6823
43.6,-3.53158,23.5834
43.7,-3.55579,23.4839
43.8,-3.57865,23.3838
43.9,-3.59949,23.2826
44,-3.61836,23.1809
44.1,-3.6368,23.0795
44.2,-3.65353,22.9778
44.3,-3.67047,22.8763
44.4,-3.68566,22.7741
44.5,-3.70181,22.6717
44.6,-3.71592,22.5679
44.7,-3.73179,22.4633
44.8,-3.74571,22.3559
44.9,-3.76193,22.2476
45,-3.77751,22.1356
45.1,-3.79492,22.0228
45.2,-3.8133,21.9074
45.3,-3.83591,21.7954
45.4,-3.86092,21.6827
45.5,-3.88766,21.572
45.6,-3.91505,21.4619
45.7,-3.94256,21.3524
45.8,-3.9698,21.2433
45.9,-3.99663,21.1345
46,-4.02298,21.0259
46.1,-4.04888,20.9174
46.2,-4.07428,20.8088
46.3,-4.1002,20.7021
46.4,-4.12577,20.5967
46.5,-4.15107,20.492
46.6,-4.17548,20.3876
46.7,-4.1989,20.2832
46.8,-4.22105,20.1785
46.9,-4.24186,20.0733
47,-4.26124,19.9672
47.1,-4.27933,19.86
47.2,-4.29628,19.7514
47.3,-4.31246,19.6418
47.4,-4.32811,19.531
47.5,-4.34367,19.4193
47.6,-4.35927,19.3066
47.7,-4.37509,19.1929
47.8,-4.39099,19.0782
47.9,-4.40702,18.9638
48,-4.42226,18.8487
48.1,-4.43661,18.7329
48.2,-4.44975,18.6161
48.3,-4.4638,18.5014
48.4,-4.47627,18.3864
48.5,-4.4898,18.2708
48.6,-4.5024,18.1533
48.7,-4.51616,18.0344
48.8,-4.53016,17.9137
48.9,-4.54459,17.7919
49,-4.55882,17.6691
49.1,-4.57243,17.5459
49.2,-4.5856,17.4226
49.3,-4.59801,17.2997
49.4,-4.61044,17.1772
49.5,-4.62373,17.0542
49.6,-4.63771,16.9318
49.7,-4.65325,16.808
49.8,-4.66979,16.6834
49.9,-4.68749,16.5591
50,-4.70777,16.4385
50.1,-4.72878,16.3182
50.2,-4.74983,16.198
50.3,-4.77072,16.0775
50.4,-4.79142,15.9562
50.5,-4.81221,15.8343
50.6,-4.83314,15.7113
50.7,-4.85553,15.5893
50.8,-4.87796,15.4666
50.9,-4.90097,15.3437
51,-4.92431,15.2197
51.1,-4.94827,15.0946
51.2,-4.97285,14.9683
51.3,-4.99797,14.8407
51.4,-5.02341,14.7121
51.5,-5.04885,14.5827
51.6,-5.0741,14.4529
51.7,-5.09874,14.3231
51.8,-5.12301,14.194
51.9,-5.1471,14.0658
52,-5.17242,13.9414
52.1,-5.19895,13.8181
52.2,-5.22578,13.6961
52.3,-5.2539,13.5729
52.4,-5.28324,13.4504
52.5,-5.31358,13.3281
52.6,-5.34509,13.2081
52.7,-5.37686,13.0868
52.8,-5.41218,12.9733
52.9,-5.44656,12.8568
53,-5.48471,12.7444
53.1,-5.52146,12.6276
53.2,-5.55862,12.5112
53.3,-5.59583,12.3932
53.4,-5.63329,12.2742
53.5,-5.67102,12.1544
53.6,-5.70882,12.0337
53.7,-5.74609,11.9107
53.8,-5.78385,11.7904
53.9,-5.82072,11.6701
54,-5.85695,11.5498
54.1,-5.89173,11.429
54.2,-5.92522,11.3077
54.3,-5.9579,11.1861
54.4,-5.99066,11.0663
54.5,-6.02273,10.9466
54.6,-6.05463,10.8273
54.7,-6.08631,10.7082
54.8,-6.11791,10.5893
54.9,-6.14988,10.4707
55,-6.1824,10.3526
55.1,-6.21544,10.234
55.2,-6.25001,10.1163
55.3,-6.28582,9.99809
55.4,-6.32336,9.88022
55.5,-6.36209,9.76194
55.6,-6.40172,9.64343
55.7,-6.4415,9.52491
55.8,-6.481,9.40669
55.9,-6.51984,9.28884
56,-6.55932,9.17601
56.1,-6.59957,9.06535
56.2,-6.64025,8.95637
56.3,-6.68142,8.84871
56.4,-6.72321,8.74203
56.5,-6.7656,8.63599
56.6,-6.80822,8.53035
56.7,-6.85075,8.4252
56.8,-6.89251,8.32047
56.9,-6.9332,8.21533
57,-6.97314,8.10945
57.1,-7.01257,8.0028
57.2,-7.05184,7.89529
57.3,-7.09154,7.78718
57.4,-7.13166,7.67949
57.5,-7.17188,7.57209
57.6,-7.21195,7.46496
57.7,-7.25178,7.35799
57.8,-7.29068,7.25196
57.9,-7.32938,7.1461
58,-7.36857,7.04307
58.1,-7.40825,6.93946
58.2,-7.44836,6.83545
58.3,-7.48876,6.7304
58.4,-7.52915,6.62405
58.5,-7.56913,6.51609
58.6,-7.60854,6.40638
58.7,-7.64802,6.29704
58.8,-7.68681,6.18628
58.9,-7.72546,6.0746
59,-7.7639,5.96197
59.1,-7.80229,5.84948
59.2,-7.84063,5.73686
59.3,-7.87864,5.62481
59.4,-7.91647,5.51266
59.5,-7.95415,5.40004
59.6,-7.9916,5.28655
59.7,-8.02892,5.17197
59.8,-8.06683,5.05877
59.9,-8.10444,4.94407
60,-8.14227,4.82878
60.1,-8.17979,4.71255
60.2,-8.21608,4.59574
60.3,-8.25071,4.47849
60.4,-8.28334,4.36102
60.5,-8.31409,4.24417
60.6,-8.34406,4.13093
60.7,-8.37299,4.01936
60.8,-8.40109,3.90933
60.9,-8.42874,3.80014
61,-8.45578,3.69133
61.1,-8.48228,3.58356
61.2,-8.50661,3.47515
61.3,-8.53154,3.36798
61.4,-8.55467,3.26164
61.5,-8.58319,3.15614
61.6,-8.60672,3.05523
61.7,-8.63818,2.95213
61.8,-8.66647,2.8521
61.9,-8.69504,2.74953
62,-8.72636,2.64737
62.1,-8.75696,2.54256
62.2,-8.79005,2.43719
62.3,-8.82403,2.32809
62.4,-8.86105,2.21785
62.5,-8.8972,2.10433
62.6,-8.93684,1.99033
62.7,-8.97416,1.8735
62.8,-9.01146,1.75533
62.9,-9.04868,1.63493
63,-9.08698,1.51509
63.1,-9.12575,1.39328
63.2,-9.16531,1.26992
63.3,-9.20533,1.14485
63.4,-9.24488,1.01812
63.5,-9.28323,0.889664
63.6,-9.32038,0.759306
63.7,-9.35656,0.626902
63.8,-9.39292,0.494283
63.9,-9.42874,0.360201
64,-9.46552,0.225235
64.1,-9.50358,0.0887103
64.2,-9.5436,-0.0489784
64.3,-9.58567,-0.187888
64.4,-9.62956,-0.32798
64.5,-9.67474,-0.469285
64.6,-9.72036,-0.612085
64.7,-9.76595,-0.756765
64.8,-9.81168,-0.903561
64.9,-9.85829,-1.05079
65,-9.90538,-1.19972
65.1,-9.95339,-1.34982
65.2,-10.002,-1.50134
65.3,-10.0512,-1.65417
65.4,-10.1006,-1.8081
65.5,-10.1501,-1.96285
65.6,-10.1997,-2.1182
65.7,-10.2493,-2.27387
65.8,-10.2989,-2.42966
65.9,-10.3486,-2.58541
66,-10.3984,-2.74102
66.1,-10.4487,-2.89499
66.2,-10.4994,-3.04778
66.3,-10.5505,-3.19966
66.4,-10.602,-3.35081
66.5,-10.6538,-3.50134
66.6,-10.7062,-3.6504
66.7,-10.759,-3.79828
66.8,-10.8122,-3.94518
66.9,-10.8657,-4.09128
67,-10.9195,-4.23672
67.1,-10.9734,-4.38161
67.2,-11.0275,-4.52602
67.3,-11.0819,-4.66938
67.4,-11.1366,-4.81185
67.5,-11.1916,-4.95356
67.6,-11.2466,-5.09462
67.7,-11.3019,-5.23513
67.8,-11.3572,-5.37516
67.9,-11.4127,-5.51448
68,-11.4683,-5.65316
68.1,-11.5241,-5.79127
68.2,-11.5799,-5.92885
68.3,-11.6358,-6.06597
68.4,-11.6918,-6.20258
68.5,-11.7478,-6.33873
68.6,-11.8039,-6.47445
68.7,-11.86,-6.60976
68.8,-11.9161,-6.74468
68.9,-11.9722,-6.87925
69,-12.0283,-7.01348
69.1,-12.0844,-7.1474
69.2,-12.1403,-7.28101
69.3,-12.1963,-7.41431
69.4,-12.2522,-7.54731
69.5,-12.3079,-7.68004
69.6,-12.3635,-7.81249
69.7,-12.4189,-7.9447
69.8,-12.474,-8.07669
69.9,-12.5285,-8.20853
70,-12.5823,-8.3403
70.1,-12.6352,-8.47216
70.2,-12.6869,-8.60429
70.3,-12.7373,-8.73688
70.4,-12.7865,-8.87004
70.5,-12.8346,-9.00373
70.6,-12.8819,-9.13788
70.7,-12.9285,-9.27234
70.8,-12.9746,-9.40702
70.9,-13.0206,-9.54176
71,-13.0665,-9.67653
71.1,-13.1125,-9.81136
71.2,-13.1589,-9.94627
71.3,-13.2055,-10.0812
71.4,-13.2525,-10.2162
71.5,-13.2999,-10.3513
71.6,-13.3477,-10.4863
71.7,-13.3959,-10.6213
71.8,-13.4446,-10.7564
71.9,-13.4942,-10.8898
72,-13.5444,-11.0225
72.1,-13.5953,-11.1548
72.2,-13.6467,-11.2867
72.3,-13.6986,-11.4184
72.4,-13.7511,-11.5496
72.5,-13.8041,-11.6803
72.6,-13.8576,-11.8104
72.7,-13.9116,-11.94
72.8,-13.966,-12.0676
72.9,-14.0208,-12.1938
73,-14.0757,-12.319
73.1,-14.1307,-12.4435
73.2,-14.1855,-12.5675
73.3,-14.2401,-12.6911
73.4,-14.2944,-12.8145
73.5,-14.3484,-12.9377
73.6,-14.4021,-13.0609
73.7,-14.4554,-13.1843
73.8,-14.5085,-13.3077
73.9,-14.5612,-13.4315
74,-14.6137,-13.5555
74.1,-14.666,-13.6799
74.2,-14.7181,-13.8044
74.3,-14.77,-13.9291
74.4,-14.8219,-14.053
74.5,-14.8736,-14.1765
74.6,-14.9252,-14.2997
74.7,-14.9766,-14.4229
74.8,-15.0279,-14.5462
74.9,-15.079,-14.6696
75,-15.1299,-14.7931
75.1,-15.1807,-14.9167
75.2,-15.2313,-15.0396
75.3,-15.2818,-15.1621
75.4,-15.332,-15.2842
75.5,-15.382,-15.4062
75.6,-15.4317,-15.5281
75.7,-15.4811,-15.6499
75.8,-15.5302,-15.7717
75.9,-15.579,-15.8934
76,-15.6276,-16.0146
76.1,-15.6759,-16.1354
76.2,-15.724,-16.2557
76.3,-15.7719,-16.3758
76.4,-15.8194,-16.4955
76.5,-15.8667,-16.6151
76.6,-15.9138,-16.7346
76.7,-15.9607,-16.8537
76.8,-16.0073,-16.9725
76.9,-16.0537,-17.091
77,-16.0998,-17.2093
77.1,-16.1456,-17.3274
77.2,-16.191,-17.4454
77.3,-16.2361,-17.5631
77.4,-16.2809,-17.6806
77.5,-16.3253,-17.7979
77.6,-16.3694,-17.9151
77.7,-16.413,-18.032
77.8,-16.4563,-18.1487
77.9,-16.4992,-18.265
78,-16.5417,-18.3809
78.1,-16.5838,-18.4964
78.2,-16.6254,-18.6116
78.3,-16.6667,-18.7266
78.4,-16.7075,-18.8413
78.5,-16.7478,-18.9557
78.6,-16.7878,-19.0697
78.7,-16.8273,-19.1833
78.8,-16.8663,-19.2965
78.9,-16.9048,-19.4089
79,-16.9428,-19.5206
79.1,-16.9803,-19.6314
79.2,-17.0176,-19.7414
79.3,-17.0546,-19.8505
79.4,-17.0915,-19.9587
79.5,-17.1282,-20.066
79.6,-17.1649,-20.1725
79.7,-17.2015,-20.2778
79.8,-17.238,-20.382
79.9,-17.2743,-20.4849
80,-17.3105,-20.5868
80.1,-17.3467,-20.6876
80.2,-17.383,-20.7875
80.3,-17.4195,-20.8868
80.4,-17.4563,-20.9856
80.5,-17.4935,-21.0839
80.6,-17.5311,-21.1821
80.7,-17.5689,-21.2798
80.8,-17.607,-21.3774
80.9,-17.6452,-21.4747
81,-17.6835,-21.5718
81.1,-17.7219,-21.6687
81.2,-17.7606,-21.7656
81.3,-17.7995,-21.8625
81.4,-17.8388,-21.9596
81.5,-17.8785,-22.0568
81.6,-17.9186,-22.1543
81.7,-17.9589,-22.252
81.8,-17.9993,-22.3501
81.9,-18.0398,-22.4487
82,-18.0803,-22.5478
82.1,-18.1207,-22.6474
82.2,-18.1609,-22.7473
82.3,-18.201,-22.8477
82.4,-18.2411,-22.9482
82.5,-18.2809,-23.049
82.6,-18.3207,-23.1502
82.7,-18.3601,-23.2519
82.8,-18.3992,-23.354
82.9,-18.438,-23.4562
83,-18.4765,-23.5584
83.1,-18.5149,-23.6604
83.2,-18.5531,-23.7621
83.3,-18.5914,-23.8635
83.4,-18.6299,-23.9646
83.5,-18.6688,-24.0654
83.6,-18.7079,-24.1662
83.7,-18.7473,-24.2673
83.8,-18.7871,-24.3685
83.9,-18.8271,-24.4702
84,-18.8675,-24.5726
84.1,-18.9081,-24.6759
84.2,-18.9491,-24.7802
84.3,-18.9904,-24.8857
84.4,-19.0319,-24.9923
84.5,-19.0737,-25.0995
84.6,-19.1157,-25.2075
84.7,-19.1578,-25.3167
84.8,-19.1997,-25.4271
84.9,-19.2414,-25.5388
85,-19.2828,-25.6519
85.1,-19.3239,-25.7662
85.2,-19.3648,-25.8813
85.3,-19.4055,-25.9969
85.4,-19.4461,-26.1132
85.5,-19.4866,-26.23
85.6,-19.527,-26.3473
85.7,-19.5672,-26.4651
85.8,-19.6074,-26.5834
85.9,-19.6476,-26.7017
86,-19.6878,-26.8201
86.1,-19.728,-26.9385
86.2,-19.7683,-27.057
86.3,-19.8085,-27.1758
86.4,-19.8488,-27.2947
86.5,-19.889,-27.4141
86.6,-19.9294,-27.5339
86.7,-19.9697,-27.6543
86.8,-20.0101,-27.7752
86.9,-20.0505,-27.8965
87,-20.0912,-28.0176
87.1,-20.1322,-28.1387
87.2,-20.1733,-28.2598
87.3,-20.2145,-28.3811
87.4,-20.256,-28.5027
87.5,-20.2976,-28.6248
87.6,-20.3394,-28.7474
87.7,-20.3814,-28.8707
87.8,-20.4236,-28.9949
87.9,-20.4659,-29.12
88,-20.5084,-29.246
88.1,-20.551,-29.3724
88.2,-20.5937,-29.4995
88.3,-20.6363,-29.6275
88.4,-20.679,-29.7564
88.5,-20.7215,-29.8864
88.6,-20.7638,-30.0175
88.7,-20.8059,-30.1499
88.8,-20.8478,-30.2835
88.9,-20.8893,-30.4184
89,-20.9307,-30.5537
89.1,-20.972,-30.6895
89.2,-21.0133,-30.8258
89.3,-21.0544,-30.9627
89.4,-21.0956,-31.1001
89.5,-21.1367,-31.2381
89.6,-21.1778,-31.3765
89.7,-21.2189,-31.5154
89.8,-21.2601,-31.6542
89.9,-21.3014,-31.7929
90,-21.3428,-31.9316
90.1,-21.3841,-32.0702
90.2,-21.4255,-32.2089
90.3,-21.4668,-32.3477
90.4,-21.5082,-32.4865
90.5,-21.5495,-32.6254
90.6,-21.5909,-32.7645
90.7,-21.6322,-32.9037
90.8,-21.6736,-33.0428
90.9,-21.7151,-33.1819
91,-21.7567,-33.3209
91.1,-21.7983,-33.46
91.2,-21.8401,-33.5991
91.3,-21.882,-33.7383
91.4,-21.924,-33.8774
91.5,-21.9661,-34.0166
91.6,-22.0084,-34.1559
91.7,-22.0508,-34.2953
91.8,-22.0934,-34.4346
91.9,-22.1361,-34.5741
92,-22.1789,-34.7135
92.1,-22.2219,-34.8529
92.2,-22.2651,-34.9923
92.3,-22.3086,-35.1317
92.4,-22.3522,-35.271
92.5,-22.396,-35.4103
92.6,-22.4401,-35.5496
92.7,-22.4844,-35.6888
92.8,-22.5289,-35.828
92.9,-22.5737,-35.9671
93,-22.6188,-36.1061
93.1,-22.6644,-36.245
93.2,-22.7103,-36.3838
93.3,-22.7566,-36.5224
93.4,-22.8033,-36.6609
93.5,-22.8504,-36.7991
93.6,-22.8977,-36.9372
93.7,-22.9454,-37.0751
93.8,-22.9934,-37.2128
93.9,-23.0417,-37.3503
94,-23.0903,-37.4876
94.1,-23.1391,-37.6248
94.2,-23.1882,-37.7617
94.3,-23.2375,-37.8985
94.4,-23.287,-38.0351
94.5,-23.3368,-38.1716
94.6,-23.3868,-38.3078
94.7,-23.437,-38.4439
94.8,-23.4874,-38.5798
94.9,-23.538,-38.7156
95,-23.5888,-38.8512
95.1,-23.6397,-38.9866
95.2,-23.6914,-39.1215
95.3,-23.7436,-39.2558
95.4,-23.7963,-39.3898
95.5,-23.8493,-39.5235
95.6,-23.9025,-39.6569
95.7,-23.9559,-39.79
95.8,-24.0095,-39.9229
95.9,-24.0633,-40.0556
96,-24.1171,-40.1882
96.1,-24.171,-40.3205
96.2,-24.225,-40.4528
96.3,-24.279,-40.5849
96.4,-24.3331,-40.7168
96.5,-24.3871,-40.8487
96.6,-24.4413,-40.9804
96.7,-24.4954,-41.112
96.8,-24.5496,-41.2434
96.9,-24.6037,-41.3748
97,-24.6579,-41.5061
97.1,-24.712,-41.6372
97.2,-24.7662,-41.7682
97.3,-24.8204,-41.8992
97.4,-24.8745,-42.03
97.5,-24.9287,-42.1607
97.6,-24.9828,-42.2914
97.7,-25.0369,-42.4219
97.8,-25.091,-42.5523
97.9,-25.1451,-42.6827
98,-25.1992,-42.8129
98.1,-25.2532,-42.943
98.2,-25.3073,-43.0731
98.3,-25.3613,-43.203
98.4,-25.4153,-43.3328
98.5,-25.4693,-43.4626
98.6,-25.5232,-43.5922
98.7,-25.5772,-43.7218
98.8,-25.6311,-43.8512
98.9,-25.685,-43.9806
99,-25.7388,-44.1099
99.1,-25.7927,-44.2391
99.2,-25.8465,-44.3681
99.3,-25.9003,-44.4971
99.4,-25.954,-44.626
99.5,-26.0078,-44.7548
99.6,-26.0615,-44.8835
99.7,-26.1151,-45.0122
99.8,-26.1688,-45.1407
99.9,-26.2224,-45.2691
100,-26.276,-45.3975
100.1,-26.3296,-45.5257
100.2,-26.3831,-45.6539
100.3,-26.4366,-45.782
100.4,-26.4901,-45.91
100.5,-26.5435,-46.0379
100.6,-26.5969,-46.1657
100.7,-26.6503,-46.2935
100.8,-26.7037,-46.4211
100.9,-26.757,-46.5487
101,-26.8103,-46.6762
101.1,-26.8636,-46.8035
101.2,-26.9168,-46.9309
101.3,-26.97,-47.0581
101.4,-27.0232,-47.1852
101.5,-27.0764,-47.3123
101.6,-27.1295,-47.4392
101.7,-27.1826,-47.5661
101.8,-27.2356,-47.6929
101.9,-27.2887,-47.8197
102,-27.3417,-47.9463
102.1,-27.3947,-48.0729
102.2,-27.4477,-48.1994
102.3,-27.5006,-48.3258
102.4,-27.5535,-48.4521
102.5,-27.6064,-48.5783
102.6,-27.6593,-48.7045
102.7,-27.7121,-48.8306
102.8,-27.765,-48.9566
102.9,-27.8178,-49.0825
103,-27.8705,-49.2084
103.1,-27.9233,-49.3341
103.2,-27.976,-49.4598
103.3,-28.0287,-49.5855
103.4,-28.0814,-49.711
103.5,-28.1341,-49.8365
103.6,-28.1868,-49.9619
103.7,-28.2394,-50.0872
103.8,-28.292,-50.2124
103.9,-28.3446,-50.3376
104,-28.3972,-50.4627
104.1,-28.4498,-50.5878
104.2,-28.5023,-50.7127
104.3,-28.5548,-50.8376
104.4,-28.6074,-50.9624
104.5,-28.6599,-51.0872
104.6,-28.7124,-51.2119
104.7,-28.7648,-51.3365
104.8,-28.8173,-51.461
104.9,-28.8698,-51.5855
105,-28.9222,-51.7099
105.1,-28.9746,-51.8343
105.2,-29.0271,-51.9586
105.3,-29.0795,-52.0828
105.4,-29.1319,-52.207
105.5,-29.1842,-52.3311
105.6,-29.2366,-52.4551
105.7,-29.289,-52.5791
105.8,-29.3414,-52.703
105.9,-29.3937,-52.8268
106,-29.4461,-52.9506
106.1,-29.4984,-53.0743
106.2,-29.5508,-53.198
106.3,-29.6031,-53.3216
106.4,-29.6554,-53.4451
106.5,-29.7078,-53.5685
106.6,-29.7601,-53.6919
106.7,-29.8124,-53.8153
106.8,-29.8647,-53.9385
106.9,-29.9171,-54.0617
107,-29.9694,-54.1849
107.1,-30.0217,-54.308
107.2,-30.074,-54.431
107.3,-30.1263,-54.554
107.4,-30.1787,-54.6769
107.5,-30.231,-54.7997
107.6,-30.2833,-54.9225
107.7,-30.3356,-55.0452
107.8,-30.388,-55.1679
107.9,-30.4403,-55.2906
108,-30.4926,-55.4131
108.1,-30.5449,-55.5356
108.2,-30.5973,-55.6581
108.3,-30.6496,-55.7805
108.4,-30.7019,-55.9029
108.5,-30.7543,-56.0252
108.6,-30.8066,-56.1474
108.7,-30.859,-56.2696
108.8,-30.9113,-56.3918
108.9,-30.9637,-56.5139
109,-31.016,-56.6359
109.1,-31.0684,-56.7579
109.2,-31.1207,-56.8799
109.3,-31.1731,-57.0018
109.4,-31.2255,-57.1237
109.5,-31.2778,-57.2455
109.6,-31.3302,-57.3673
109.7,-31.3826,-57.489
109.8,-31.435,-57.6107
109.9,-31.4874,-57.7324
110,-31.5398,-57.854
110.1,-31.5922,-57.9755
110.2,-31.6446,-58.097
110.3,-31.697,-58.2185
110.4,-31.7494,-58.34
110.5,-31.8018,-58.4614
110.6,-31.8542,-58.5827
110.7,-31.9066,-58.7041
110.8,-31.9591,-58.8253
110.9,-32.0115,-58.9466
111,-32.0639,-59.0678
111.1,-32.1164,-59.189
111.2,-32.1688,-59.3101
111.3,-32.2212,-59.4312
111.4,-32.2737,-59.5522
111.5,-32.3261,-59.6733
111.6,-32.3786,-59.7942
111.7,-32.431,-59.9152
111.8,-32.4835,-60.0361
111.9,-32.536,-60.157
112,-32.5884,-60.2778
112.1,-32.6409,-60.3986
112.2,-32.6933,-60.5194
112.3,-32.7458,-60.6401
112.4,-32.7983,-60.7608
112.5,-32.8507,-60.8814
112.6,-32.9032,-61.0021
112.7,-32.9557,-61.1227
112.8,-33.0081,-61.2432
112.9,-33.0606,-61.3637
113,-33.1131,-61.4842
113.1,-33.1655,-61.6047
113.2,-33.218,-61.7251
113.3,-33.2704,-61.8455
113.4,-33.3229,-61.9659
113.5,-33.3753,-62.0862
113.6,-33.4278,-62.2066
113.7,-33.4802,-62.3268
113.8,-33.5327,-62.4471
113.9,-33.5851,-62.5673
114,-33.6375,-62.6875
114.1,-33.6899,-62.8076
114.2,-33.7424,-62.9277
114.3,-33.7948,-63.0478
114.4,-33.8472,-63.1679
114.5,-33.8996,-63.2879
114.6,-33.952,-63.4079
114.7,-34.0043,-63.5279
114.8,-34.0567,-63.6478
114.9,-34.1091,-63.7677
115,-34.1614,-63.8876
115.1,-34.2138,-64.0075
115.2,-34.2661,-64.1273
115.3,-34.3184,-64.247
115.4,-34.3707,-64.3668
115.5,-34.423,-64.4865
115.6,-34.4753,-64.6062
115.7,-34.5276,-64.7259
115.8,-34.5799,-64.8455
115.9,-34.6321,-64.9651
116,-34.6844,-65.0846
116.1,-34.7366,-65.2041
116.2,-34.7888,-65.3236
116.3,-34.841,-65.4431
116.4,-34.8931,-65.5625
116.5,-34.9453,-65.6819
116.6,-34.9974,-65.8012
116.7,-35.0496,-65.9206
116.8,-35.1017,-66.0398
116.9,-35.1537,-66.1591
117,-35.2058,-66.2783
117.1,-35.2579,-66.3974
117.2,-35.3099,-66.5166
117.3,-35.3619,-66.6357
117.4,-35.4139,-66.7547
117.5,-35.4659,-66.8737
117.6,-35.5178,-66.9927
117.7,-35.5697,-67.1116
117.8,-35.6216,-67.2305
117.9,-35.6735,-67.3493
118,-35.7253,-67.4681
118.1,-35.7772,-67.5869
118.2,-35.829,-67.7056
118.3,-35.8807,-67.8242
118.4,-35.9324,-67.9428
118.5,-35.9841,-68.0614
118.6,-36.0357,-68.1798
118.7,-36.0872,-68.2982
118.8,-36.1387,-68.4166
118.9,-36.1901,-68.5349
119,-36.2415,-68.6531
119.1,-36.2929,-68.7713
119.2,-36.3442,-68.8894
119.3,-36.3954,-69.0075
119.4,-36.4466,-69.1255
119.5,-36.4978,-69.2434
119.6,-36.5489,-69.3613
119.7,-36.6,-69.4791
119.8,-36.651,-69.5969
119.9,-36.702,-69.7146
120,-36.753,-69.8323
120.1,-36.8039,-69.9499
120.2,-36.8547,-70.0674
120.3,-36.9056,-70.1849
120.4,-36.9563,-70.3023
120.5,-37.0071,-70.4197
120.6,-37.0577,-70.537
120.7,-37.1084,-70.6543
120.8,-37.159,-70.7714
120.9,-37.2095,-70.8885
121,-37.2599,-71.0056
121.1,-37.3104,-71.1226
121.2,-37.3607,-71.2395
121.3,-37.411,-71.3563
121.4,-37.4612,-71.4731
121.5,-37.5113,-71.5898
121.6,-37.5605,-71.7066
121.7,-37.61,-71.8233
121.8,-37.6588,-71.94
121.9,-37.7079,-72.0566
122,-37.7564,-72.1732
122.1,-37.8043,-72.2899
122.2,-37.852,-72.4065
122.3,-37.8994,-72.5231
122.4,-37.9467,-72.6397
122.5,-37.9938,-72.7562
122.6,-38.0409,-72.8726
122.7,-38.0879,-72.989
122.8,-38.1348,-73.1052
122.9,-38.1817,-73.2214
123,-38.2285,-73.3374
123.1,-38.2753,-73.4534
123.2,-38.3221,-73.5692
123.3,-38.3688,-73.6849
123.4,-38.4155,-73.8005
123.5,-38.4622,-73.916
123.6,-38.5088,-74.0313
123.7,-38.5553,-74.1466
123.8,-38.6018,-74.2617
123.9,-38.6483,-74.3767
124,-38.6948,-74.4917
124.1,-38.7412,-74.6065
124.2,-38.7875,-74.7212
124.3,-38.8339,-74.8357
124.4,-38.8802,-74.9502
124.5,-38.9266,-75.0645
124.6,-38.9729,-75.1788
124.7,-39.0192,-75.2929
124.8,-39.0655,-75.4069
124.9,-39.1117,-75.5207
125,-39.1579,-75.6345
125.1,-39.204,-75.7482
125.2,-39.2501,-75.8617
125.3,-39.2962,-75.9751
125.4,-39.3421,-76.0884
125.5,-39.388,-76.2016
125.6,-39.4338,-76.3147
125.7,-39.4795,-76.4277
125.8,-39.5251,-76.5405
125.9,-39.5707,-76.6533
126,-39.6162,-76.7659
126.1,-39.6615,-76.8784
126.2,-39.7069,-76.9908
126.3,-39.7521,-77.1031
126.4,-39.7972,-77.2153
126.5,-39.8423,-77.3273
126.6,-39.8873,-77.4392
126.7,-39.9322,-77.551
126.8,-39.977,-77.6627
126.9,-40.0217,-77.7743
127,-40.0653,-77.8863
127.1,-40.1093,-77.998
127.2,-40.1524,-78.11
127.3,-40.1951,-78.2222
127.4,-40.2375,-78.3343
127.5,-40.2797,-78.4465
127.6,-40.3218,-78.5586
127.7,-40.3638,-78.6705
127.8,-40.4058,-78.7824
127.9,-40.4478,-78.894
128,-40.4896,-79.0055
128.1,-40.5315,-79.1168
128.2,-40.5733,-79.2279
128.3,-40.6151,-79.3388
128.4,-40.6569,-79.4496
128.5,-40.6987,-79.5601
128.6,-40.7404,-79.6705
128.7,-40.7821,-79.7807
128.8,-40.8237,-79.8908
128.9,-40.8653,-80.0007
129,-40.9068,-80.1104
129.1,-40.9483,-80.2199
129.2,-40.9896,-80.3293
129.3,-41.0309,-80.4385
129.4,-41.072,-80.5474
129.5,-41.1131,-80.6562
129.6,-41.154,-80.7648
129.7,-41.1949,-80.8731
129.8,-41.2356,-80.9813
129.9,-41.2761,-81.0893
130,-41.3165,-81.197
130.1,-41.3567,-81.3046
130.2,-41.3967,-81.4119
130.3,-41.4364,-81.5189
130.4,-41.476,-81.6257
130.5,-41.5154,-81.7323
130.6,-41.5546,-81.8387
130.7,-41.5935,-81.9448
130.8,-41.6322,-82.0506
130.9,-41.6705,-82.1562
131,-41.7086,-82.2614
131.1,-41.7465,-82.3662
131.2,-41.7839,-82.4708
131.3,-41.8211,-82.5749
131.4,-41.8579,-82.6787
131.5,-41.8943,-82.7819
131.6,-41.9304,-82.8846
131.7,-41.9661,-82.987
131.8,-42.0015,-83.089
131.9,-42.0366,-83.1908
132,-42.0724,-83.2917
132.1,-42.107,-83.3925
132.2,-42.1419,-83.4925
132.3,-42.1762,-83.5917
132.4,-42.2096,-83.6901
132.5,-42.242,-83.7876
132.6,-42.2741,-83.8833
132.7,-42.3067,-83.9788
132.8,-42.3394,-84.0738
132.9,-42.3722,-84.1684
133,-42.4048,-84.2626
133.1,-42.437,-84.3563
133.2,-42.4689,-84.4498
133.3,-42.5001,-84.5431
133.4,-42.5302,-84.636
133.5,-42.5591,-84.7276
133.6,-42.5853,-84.8166
133.7,-42.6117,-84.905
133.8,-42.6398,-84.9936
133.9,-42.6663,-85.081
134,-42.6955,-85.169
134.1,-42.7223,-85.2548
134.2,-42.7551,-85.3092
134.3,-42.7714,-85.3871
134.4,-42.799,-85.4329
134.5,-42.8164,-85.4962
134.6,-42.8395,-85.5772
134.7,-42.8462,-85.6503
134.8,-42.8701,-85.7283
134.9,-42.9133,-85.8214
135,-42.9492,-85.9179
135.1,-42.9563,-86.0552
135.2,-43.0108,-86.1767
135.3,-43.0339,-86.2717
135.4,-43.0853,-86.3688
135.5,-43.1146,-86.4499
135.6,-43.1509,-86.5014
135.7,-43.1552,-86.5758
135.8,-43.165,-86.625
135.9,-43.1782,-86.6882
136,-43.2005,-86.7526
136.1,-43.2123,-86.831
136.2,-43.2354,-86.9024
136.3,-43.2392,-86.9822
136.4,-43.2719,-87.0636
136.5,-43.268,-87.111
136.6,-43.2864,-87.1653
136.7,-43.3438,-87.21
136.8,-43.3547,-87.2733
136.9,-43.3162,-87.3399
137,-43.3129,-87.3709
137.1,-43.3099,-87.4239
137.2,-43.3112,-87.5083
137.3,-43.3291,-87.5593
137.4,-43.3416,-87.6139
137.5,-43.3666,-87.6577
137.6,-43.3838,-87.7073
137.7,-43.4012,-87.7484
137.8,-43.4191,-87.7954
137.9,-43.4192,-87.8078
138,-43.4186,-87.8645
138.1,-43.4154,-87.8823
138.2,-43.4218,-87.9258
138.3,-43.4596,-87.9303
138.4,-43.427,-87.9849
138.5,-43.4181,-87.9986
138.6,-43.4495,-87.9974
138.7,-43.4114,-88.0022
138.8,-43.3592,-88.055
138.9,-43.3358,-88.135
139,-43.3254,-88.2541
139.1,-43.371,-88.2995
139.2,-43.4221,-88.3782
139.3,-43.4597,-88.505
139.4,-43.4676,-88.5909
139.5,-43.533,-88.6447
139.6,-43.617,-88.7449
139.7,-43.6869,-88.7611
139.8,-43.7364,-88.7877
139.9,-43.7426,-88.7893
140,-43.7469,-88.7694
140.1,-43.756,-88.8636
140.2,-43.7265,-88.9865
140.3,-43.656,-89.0776
140.4,-43.621,-89.144
140.5,-43.6341,-89.236
140.6,-43.6614,-89.2984
140.7,-43.6413,-89.3782
140.8,-43.6703,-89.4672
140.9,-43.7064,-89.5067
141,-43.7479,-89.6114
141.1,-43.7754,-89.741
141.2,-43.7573,-89.848
141.3,-43.7793,-89.9847
141.4,-43.8615,-90.0575
141.5,-43.8736,-90.1933
141.6,-43.9157,-90.2639
141.7,-43.9386,-90.3116
141.8,-43.8835,-90.4551
141.9,-43.8132,-90.5694
142,-43.71,-90.6085
142.1,-43.6183,-90.6963
142.2,-43.5232,-90.7163
142.3,-43.4657,-90.7424
142.4,-43.4326,-90.8257
142.5,-43.3859,-90.8944
142.6,-43.3974,-90.9563
142.7,-43.4184,-91.0248
142.8,-43.3954,-91.0697
142.9,-43.416,-91.09
143,-43.4517,-91.1056
143.1,-43.4887,-91.1167
143.2,-43.4785,-91.1447
143.3,-43.5035,-91.1974
143.4,-43.4795,-91.1594
143.5,-43.4616,-91.1583
143.6,-43.507,-91.1733
143.7,-43.4915,-91.1545
143.8,-43.4505,-91.172
143.9,-43.5048,-91.2311
144,-43.5039,-91.3386
144.1,-43.5245,-91.4478
144.2,-43.5388,-91.5438
144.3,-43.6031,-91.6363
144.4,-43.7171,-91.7327
144.5,-43.8196,-91.867
144.6,-43.8484,-91.9341
144.7,-43.819,-91.8989
144.8,-43.7439,-91.8839
144.9,-43.6805,-91.8978
145,-43.7259,-91.9216
145.1,-43.8527,-91.9921
145.2,-43.9554,-92.05
145.3,-44.0275,-92.0793
145.4,-44.1009,-92.1935
145.5,-44.1155,-92.2477
145.6,-44.1555,-92.3114
145.7,-44.16,-92.3815
145.8,-44.1942,-92.4559
145.9,-44.2929,-92.5449
146,-44.363,-92.5021
146.1,-44.4425,-92.4236
146.2,-44.4965,-92.3606
146.3,-44.54,-92.3921
146.4,-44.6107,-92.3842
146.5,-44.6115,-92.3838
146.6,-44.6222,-92.4173
146.7,-44.6243,-92.4701
146.8,-44.7119,-92.5365
146.9,-44.7741,-92.5315
147,-44.8011,-92.5376
147.1,-44.8441,-92.6098
147.2,-44.9261,-92.7132
147.3,-44.9384,-92.8322
147.4,-44.8997,-92.8885
147.5,-44.8578,-92.8901
147.6,-44.7971,-92.912
147.7,-44.7248,-92.8973
147.8,-44.7095,-92.8922
147.9,-44.7679,-92.8764
148,-44.7887,-92.8935
148.1,-44.7595,-92.91
148.2,-44.7694,-92.9043
148.3,-44.7551,-92.9978
148.4,-44.6925,-93.1067
148.5,-44.7261,-93.1656
148.6,-44.7229,-93.2565
148.7,-44.7253,-93.4131
148.8,-44.7266,-93.5142
148.9,-44.7651,-93.5401
149,-44.7601,-93.479
149.1,-44.7732,-93.4693
149.2,-44.7205,-93.5681
149.3,-44.7359,-93.6486
149.4,-44.7924,-93.6205
149.5,-44.8113,-93.5477
149.6,-44.8085,-93.5322
149.7,-44.7842,-93.5857
149.8,-44.8155,-93.6041
149.9,-44.9391,-93.6483
150,-45.0325,-93.7542
150.1,-45.1733,-93.7656
150.2,-45.3291,-93.8214
150.3,-45.4179,-93.9582
150.4,-45.3407,-94.1098
150.5,-45.2933,-94.2485
150.6,-45.3176,-94.4545
150.7,-45.3778,-94.4956
150.8,-45.4022,-94.4205
150.9,-45.4228,-94.4754
151,-45.5157,-94.6234
151.1,-45.5215,-94.6827
151.2,-45.5949,-94.7267
151.3,-45.677,-94.8547
151.4,-45.712,-94.8727
151.5,-45.7626,-94.8436
151.6,-45.8864,-94.8676
151.7,-45.8731,-94.8461
151.8,-45.692,-94.8765
151.9,-45.687,-94.8219
152,-45.721,-94.7411
152.1,-45.7176,-94.8158
152.2,-45.7305,-94.9056
152.3,-45.7366,-95.019
152.4,-45.7496,-95.1615
152.5,-45.6587,-95.2521
152.6,-45.5977,-95.3228
152.7,-45.631,-95.4098
152.8,-45.5985,-95.4546
152.9,-45.5416,-95.5042
153,-45.5222,-95.5591
153.1,-45.5881,-95.6069
153.2,-45.5936,-95.5448
153.3,-45.5145,-95.4872
153.4,-45.5772,-95.5201
153.5,-45.6343,-95.586
153.6,-45.5856,-95.6173
153.7,-45.5724,-95.645
153.8,-45.4967,-95.655
153.9,-45.3597,-95.6102
154,-45.1651,-95.6629
154.1,-45.1296,-95.5948
154.2,-45.1841,-95.5178
154.3,-45.2786,-95.4709
154.4,-45.3252,-95.4431
154.5,-45.3644,-95.3797
154.6,-45.412,-95.425
154.7,-45.3283,-95.4659
154.8,-45.1799,-95.4142
154.9,-45.0921,-95.4033
155,-45.0367,-95.3828
155.1,-44.9692,-95.4791
155.2,-44.8483,-95.4977
155.3,-44.7566,-95.498
155.4,-44.6877,-95.5342
155.5,-44.5832,-95.5779
155.6,-44.6639,-95.6857
155.7,-44.6724,-95.7074
155.8,-44.7507,-95.7288
155.9,-44.7993,-95.8667
156,-44.7993,-96.0365
156.1,-44.815,-96.0383
156.2,-44.8381,-95.8655
156.3,-45.0222,-95.7455
156.4,-45.0924,-95.7328
156.5,-45.143,-95.8629
156.6,-45.16,-95.9955
156.7,-45.1557,-96.1096
156.8,-45.2451,-96.0085
156.9,-45.2073,-95.9927
157,-45.1278,-96.0595
157.1,-45.111,-96.1361
157.2,-45.2349,-96.1788
157.3,-45.3467,-96.0837
157.4,-45.2689,-95.9633
157.5,-45.1861,-95.9598
157.6,-45.1913,-96.0855
157.7,-45.1765,-96.1656
157.8,-45.2344,-96.1586
157.9,-45.2997,-96.102
158,-45.2906,-96.0465
158.1,-45.2378,-95.9479
158.2,-45.1774,-95.8995
158.3,-45.0818,-95.7289
158.4,-44.9544,-95.6236
158.5,-44.9485,-95.7051
158.6,-44.8909,-95.8231
158.7,-44.8911,-95.8094
158.8,-44.8284,-95.779
158.9,-44.8898,-95.7433
159,-45.058,-95.8423
159.1,-45.1196,-95.9118
159.2,-45.095,-96.0729
159.3,-45.2821,-96.2253
159.4,-45.263,-96.3167
159.5,-45.2671,-96.3667
159.6,-45.3403,-96.4284
159.7,-45.4356,-96.4634
159.8,-45.4705,-96.5154
159.9,-45.5389,-96.4821
160,-45.6306,-96.4235
160.1,-45.6892,-96.3366
160.2,-45.7701,-96.2385
160.3,-45.8112,-96.2755
160.4,-45.7984,-96.4252
160.5,-45.8342,-96.5524
160.6,-45.8961,-96.5766
160.7,-45.8841,-96.6779
160.8,-45.9264,-96.7831
160.9,-45.9741,-96.9243
161,-46.0318,-96.9287
161.1,-45.9801,-97.0053
161.2,-45.8939,-97.1411
161.3,-46.0297,-97.2177
161.4,-46.087,-97.4301
161.5,-46.0668,-97.5456
161.6,-46.1814,-97.5465
161.7,-46.3481,-97.6196
161.8,-46.4205,-97.5683
161.9,-46.4822,-97.4936
162,-46.5533,-97.5726
162.1,-46.5532,-97.6275
162.2,-46.582,-97.6766
162.3,-46.5904,-97.7804
162.4,-46.5693,-97.833
162.5,-46.5606,-97.7805
162.6,-46.5659,-97.6915
162.7,-46.5958,-97.7433
162.8,-46.5381,-97.8054
162.9,-46.6791,-97.8228
163,-46.8405,-97.6851
163.1,-46.7599,-97.5801
163.2,-46.5914,-97.5806
163.3,-46.578,-97.6078
163.4,-46.5907,-97.5195
163.5,-46.498,-97.4725
163.6,-46.468,-97.4987
163.7,-46.4195,-97.6261
163.8,-46.2676,-97.8031
163.9,-46.1202,-97.7779
164,-46.0538,-97.9117
164.1,-46.0491,-97.8859
164.2,-45.9615,-97.8416
164.3,-45.9091,-97.8607
164.4,-45.9518,-97.8552
164.5,-45.9563,-97.8224
164.6,-46.0344,-97.7807
164.7,-46.0809,-97.8088
164.8,-46.1681,-97.8212
164.9,-46.1809,-97.7922
165,-46.0711,-97.783
165.1,-45.9768,-97.895
165.2,-45.7941,-97.9262
165.3,-45.5965,-97.9214
165.4,-45.5034,-97.8541
165.5,-45.5685,-97.8471
165.6,-45.5856,-97.9011
165.7,-45.546,-97.9635
165.8,-45.5162,-98.0259
165.9,-45.3538,-97.967
166,-45.2481,-97.9184
166.1,-45.3012,-97.9706
166.2,-45.3703,-98.0723
166.3,-45.4279,-98.1289
166.4,-45.462,-98.2072
166.5,-45.2904,-98.4038
166.6,-45.2514,-98.3047
166.7,-45.2751,-98.3435
166.8,-45.2932,-98.4509
166.9,-45.3219,-98.6542
167,-45.3505,-98.7632
167.1,-45.4596,-98.7862
167.2,-45.5995,-98.8512
167.3,-45.6063,-98.9394
167.4,-45.6243,-99.0202
167.5,-45.7289,-99.0087
167.6,-45.6957,-99.088
167.7,-45.4914,-99.0589
167.8,-45.4378,-99.1289
167.9,-45.4445,-99.1826
168,-45.5003,-99.3271
168.1,-45.4354,-99.4055
168.2,-45.3473,-99.4018
168.3,-45.2436,-99.4208
168.4,-45.2428,-99.4589
168.5,-45.2572,-99.4008
168.6,-45.2277,-99.3496
168.7,-45.0733,-99.3219
168.8,-45.088,-99.4691
168.9,-44.9928,-99.5847
169,-44.8767,-99.6794
169.1,-44.8505,-99.5943
169.2,-44.9333,-99.5291
169.3,-44.9978,-99.5593
169.4,-44.906,-99.6288
169.5,-44.966,-99.5682
169.6,-44.9304,-99.4957
169.7,-44.9495,-99.453
169.8,-44.9461,-99.3866
169.9,-44.926,-99.3947
170,-44.8692,-99.3888
170.1,-44.8909,-99.3011
170.2,-44.9006,-99.201
170.3,-44.9561,-99.2211
170.4,-44.8619,-99.303
170.5,-44.7942,-99.3622
170.6,-44.851,-99.486
170.7,-44.789,-99.5926
170.8,-44.6063,-99.6658
170.9,-44.6519,-99.6799
171,-44.6,-99.6782
171.1,-44.5675,-99.7444
171.2,-44.6334,-99.7782
171.3,-44.7437,-99.7896
171.4,-44.7324,-99.7308
171.5,-44.764,-99.6921
171.6,-44.6941,-99.6791
171.7,-44.698,-99.5753
171.8,-44.7204,-99.558
171.9,-44.8083,-99.6681
172,-44.9239,-99.7899
172.1,-44.9376,-99.8866
172.2,-44.9834,-99.907
172.3,-45.0219,-99.9156
172.4,-45.0509,-99.9653
172.5,-44.9823,-99.8419
172.6,-44.9349,-99.7559
172.7,-44.8331,-99.6809
172.8,-44.8918,-99.6752
172.9,-45.0586,-99.8466
173,-44.9544,-99.9309
173.1,-45.0307,-99.8118
173.2,-45.1529,-99.6338
173.3,-45.1902,-99.5335
173.4,-45.2157,-99.6623
173.5,-45.2155,-99.805
173.6,-45.2111,-99.7854
173.7,-45.1863,-99.6789
173.8,-45.0867,-99.6299
173.9,-44.9792,-99.7768
174,-44.6718,-99.962
174.1,-44.5253,-99.9544
174.2,-44.464,-99.8536
174.3,-44.4983,-99.8084
174.4,-44.6457,-99.9121
174.5,-44.7869,-99.8175
174.6,-44.9056,-99.6479
174.7,-45.0092,-99.7008
174.8,-45.0901,-99.78
174.9,-45.2051,-99.7418
175,-45.1709,-99.8378
175.1,-45.0997,-99.8146
175.2,-45.0798,-99.8303
175.3,-45.0664,-99.927
175.4,-45.0298,-99.8722
175.5,-45.0413,-99.6864
175.6,-45.009,-99.6
175.7,-44.9954,-99.6644
175.8,-45.0777,-99.8221
175.9,-45.1716,-99.8489
176,-45.331,-99.7484
176.1,-45.4546,-99.736
176.2,-45.3942,-99.9279
176.3,-45.4322,-99.9124
176.4,-45.486,-99.9618
176.5,-45.5687,-99.845
176.6,-45.7161,-99.7407
176.7,-45.688,-99.6427
176.8,-45.7303,-99.5735
176.9,-45.9191,-99.5143
177,-45.9845,-99.4208
177.1,-45.9472,-99.3402
177.2,-45.9734,-99.2753
177.3,-46.0984,-99.2886
177.4,-46.0516,-99.3645
177.5,-45.9945,-99.3847
177.6,-46.0557,-99.4758
177.7,-46.027,-99.5455
177.8,-46.1725,-99.5818
177.9,-46.2374,-99.554
178,-46.208,-99.4811
178.1,-46.2501,-99.5945
178.2,-46.2317,-99.5676
178.3,-46.2463,-99.4487
178.4,-46.0126,-99.336
178.5,-45.8624,-99.2627
178.6,-45.8195,-99.2023
178.7,-45.8828,-99.1747
178.8,-45.7418,-99.2637
178.9,-45.7574,-99.2514
179,-45.7736,-99.3392
179.1,-45.7586,-99.332
179.2,-45.7066,-99.2651
179.3,-45.6548,-99.3459
179.4,-45.5833,-99.4239
179.5,-45.5514,-99.5356
179.6,-45.6487,-99.5557
179.7,-45.5938,-99.4952
179.8,-45.6493,-99.5381
179.9,-45.681,-99.428
180,-45.7727,-99.3397
180.1,-45.9174,-99.2758
180.2,-45.9498,-99.2852
180.3,-45.8455,-99.2769
180.4,-45.8824,-99.2968
180.5,-45.9373,-99.4298
180.6,-45.8449,-99.4954
180.7,-45.852,-99.4973
180.8,-45.8629,-99.4368
180.9,-45.8329,-99.5206
181,-45.897,-99.6137
181.1,-45.7772,-99.721
181.2,-45.6915,-99.6452
181.3,-45.7334,-99.6573
181.4,-45.7637,-99.7979
181.5,-45.6842,-99.9023
181.6,-45.6412,-99.8912
181.7,-45.6949,-99.9731
181.8,-45.7685,-99.8471
181.9,-45.8857,-99.7384
182,-46.041,-99.7735
182.1,-46.112,-99.7955
182.2,-46.1704,-99.7402
182.3,-46.0339,-99.8244
182.4,-45.935,-99.7735
182.5,-46.071,-99.6802
182.6,-46.2398,-99.7983
182.7,-46.3312,-99.8932
182.8,-46.4235,-99.9608
182.9,-46.47,-99.9982
183,-46.4281,-99.86
183.1,-46.2789,-99.9143
183.2,-46.2351,-99.9519
183.3,-46.1782,-99.8791
183.4,-46.2052,-99.7287
183.5,-46.2106,-99.7863
183.6,-46.2675,-99.8473
183.7,-46.1546,-99.8784
183.8,-46.1149,-99.7725
183.9,-46.2521,-99.7812
184,-46.3773,-99.9182
184.1,-46.4013,-99.9187
184.2,-46.3957,-99.8708
184.3,-46.3508,-99.8568
184.4,-46.4349,-99.7933
184.5,-46.4222,-99.7146
184.6,-46.4298,-99.7386
184.7,-46.4583,-99.7737
184.8,-46.5347,-99.7159
184.9,-46.5487,-99.6776
185,-46.6157,-99.7664
185.1,-46.7338,-99.7803
185.2,-46.7178,-99.8773
185.3,-46.6078,-99.9013
185.4,-46.5951,-99.7442
185.5,-46.726,-99.7582
185.6,-46.8284,-99.796
185.7,-46.955,-99.799
185.8,-46.9665,-99.7243
185.9,-47.0571,-99.8181
186,-47.2719,-99.9434
186.1,-47.3172,-99.9512
186.2,-47.1187,-99.875
186.3,-47.0827,-99.8355
186.4,-47.133,-99.9715
186.5,-47.1685,-99.9155
186.6,-47.1094,-99.8866
186.7,-46.9991,-99.8917
186.8,-47.0587,-99.8579
186.9,-47.1106,-99.8068
187,-47.1345,-99.9527
187.1,-47.1582,-99.9813
187.2,-47.1929,-99.8692
187.3,-47.1036,-99.8484
187.4,-46.9582,-99.9473
187.5,-46.8619,-99.8681
187.6,-46.8698,-99.702
187.7,-46.9267,-99.6456
187.8,-46.8998,-99.7944
187.9,-46.8939,-99.8353
188,-46.9514,-99.7995
188.1,-47.0558,-99.6296
188.2,-47.2123,-99.5261
188.3,-47.326,-99.3922
188.4,-47.3704,-99.4209
188.5,-47.3661,-99.5168
188.6,-47.3388,-99.4674
188.7,-47.4247,-99.3799
188.8,-47.433,-99.3587
188.9,-47.5063,-99.5518
189,-47.53,-99.591
189.1,-47.6626,-99.589
189.2,-47.7569,-99.5596
189.3,-47.9465,-99.5414
189.4,-48.1284,-99.5652
189.5,-48.112,-99.7116
189.6,-48.0437,-99.8452
189.7,-48.0141,-99.9429
189.8,-48.0965,-99.7696
189.9,-48.1186,-99.6556
190,-48.2228,-99.6599
190.1,-48.2906,-99.8229
190.2,-48.3893,-99.9836
190.3,-48.3995,-100.043
190.4,-48.5142,-100.094
190.5,-48.5629,-100.025
190.6,-48.5696,-100.005
190.7,-48.626,-100.071
190.8,-48.6711,-99.9258
190.9,-48.7141,-99.8741
191,-48.6289,-99.9559
191.1,-48.6679,-99.9103
191.2,-48.6915,-99.8359
191.3,-48.6712,-99.9476
191.4,-48.5297,-99.9582
191.5,-48.5217,-99.9457
191.6,-48.626,-99.9062
191.7,-48.7781,-99.9448
191.8,-48.7477,-99.9299
191.9,-48.6908,-99.9623
192,-48.671,-100.037
192.1,-48.6781,-100.025
192.2,-48.6095,-99.9872
192.3,-48.5541,-99.8895
192.4,-48.522,-99.8844
192.5,-48.5642,-99.8259
192.6,-48.772,-99.7674
192.7,-48.8081,-99.6489
192.8,-48.8442,-99.6525
192.9,-48.8341,-99.6983
193,-48.8157,-99.7729
193.1,-48.9175,-99.8823
193.2,-48.8385,-100.131
193.3,-48.788,-100.225
193.4,-48.7239,-100.323
193.5,-48.7112,-100.481
193.6,-48.7833,-100.71
193.7,-48.7134,-100.773
193.8,-48.6126,-100.854
193.9,-48.5953,-100.951
194,-48.6966,-100.995
194.1,-48.8092,-101.006
194.2,-48.7889,-100.944
194.3,-48.738,-100.942
194.4,-48.7644,-100.996
194.5,-48.7492,-100.935
194.6,-48.6934,-100.997
194.7,-48.6584,-100.995
194.8,-48.8503,-101.143
194.9,-48.8674,-101.223
195,-48.901,-101.163
195.1,-48.9567,-101.166
195.2,-48.8503,-101.164
195.3,-48.8826,-101.202
195.4,-49.013,-101.236
195.5,-49.0393,-101.305
195.6,-49.0236,-101.334
195.7,-49.2089,-101.398
195.8,-49.3135,-101.293
195.9,-49.2378,-101.202
196,-49.1917,-101.276
196.1,-49.2831,-101.311
196.2,-49.2462,-101.339
196.3,-49.1597,-101.413
196.4,-49.0726,-101.544
196.5,-49.0655,-101.577
196.6,-49.0353,-101.49
196.7,-48.941,-101.525
196.8,-48.8608,-101.693
196.9,-48.7367,-101.638
197,-48.7426,-101.64
197.1,-48.8103,-101.724
197.2,-48.8416,-101.727
197.3,-48.9101,-101.67
197.4,-48.8711,-101.634
197.5,-48.9629,-101.656
197.6,-48.9552,-101.706
197.7,-48.8633,-101.817
197.8,-48.7477,-101.831
197.9,-48.7771,-101.86
198,-48.9612,-101.837
198.1,-49.0991,-101.99
198.2,-49.2976,-101.958
198.3,-49.3835,-101.871
198.4,-49.3518,-101.851
198.5,-49.1816,-102.044
198.6,-49.3064,-102.206
198.7,-49.3716,-102.165
198.8,-49.3549,-101.994
198.9,-49.4253,-101.87
199,-49.4159,-101.952
199.1,-49.4064,-101.951
199.2,-49.465,-101.984
199.3,-49.6718,-102.132
